"blas multithreaded","tamano","threads","seg","icc omp+mkl","tamano","threads omp","threads mkl: sin ajuste dinamico/con ajuste","segundos","gcc omp+mkl","tamano","threads omp","threads mkl: sin ajuste dinamico/con ajuste","segundos","icc omp+atlas","tamano","threads omp","threads mkl: sin ajuste dinamico/con ajuste","segundos","gcc omp+atlas","tamano","threads omp","threads mkl: sin ajuste dinamico/con ajuste","segundos"
,,,,,5000,1,1,41.161749,,,,,,,,,,,,,,,
,,,,,5000,1,1,41.157741,,,,,,,,,,,,,,,
,,,,,5000,1,2,20.594621,,,,,,,,,,,,,,,
,,,,,5000,1,2,20.593895,,,,,,,,,,,,,,,
,,,,,5000,1,3,13.935102,,,,,,,,,,,,,,,
,,,,,5000,1,3,13.926603,,,,,,,,,,,,,,,
,,,,,5000,1,4,10.402882,,,,,,,,,,,,,,,
,,,,,5000,1,4,10.377385,,,,,,,,,,,,,,,
,,,,,5000,1,5,8.304178,,,,,,,,,,,,,,,
,,,,,5000,1,5,8.300193,,,,,,,,,,,,,,,
,,,,,5000,1,6,6.933696,,,,,,,,,,,,,,,
,,,,,5000,1,6,6.927208,,,,,,,,,,,,,,,
,,,,,5000,1,7,5.977068,,,,,,,,,,,,,,,
,,,,,5000,1,7,5.980398,,,,,,,,,,,,,,,
,,,,,5000,1,8,5.238205,,,,,,,,,,,,,,,
,,,,,5000,1,8,5.201470,,,,,,,,,,,,,,,
,,,,,5000,1,9,4.684101,,,,,,,,,,,,,,,
,,,,,5000,1,9,4.669757,,,,,,,,,,,,,,,
,,,,,5000,1,10,4.166796,,,,,,,,,,,,,,,
,,,,,5000,1,10,4.165678,,,,,,,,,,,,,,,
,,,,,5000,1,11,3.857495,,,,,,,,,,,,,,,
,,,,,5000,1,11,3.831883,,,,,,,,,,,,,,,
,,,,,5000,1,12,3.569437,,,,,,,,,,,,,,,
,,,,,5000,1,12,3.551072,,,,,,,,,,,,,,,
,,,,,5000,1,13,3.299856,,,,,,,,,,,,,,,
,,,,,5000,1,13,3.272815,,,,,,,,,,,,,,,
,,,,,5000,1,14,3.086359,,,,,,,,,,,,,,,
,,,,,5000,1,14,3.013241,,,,,,,,,,,,,,,
,,,,,5000,1,15,2.870028,,,,,,,,,,,,,,,
,,,,,5000,1,15,2.833782,,,,,,,,,,,,,,,
,,,,,5000,1,16,2.703602,,,,,,,,,,,,,,,
,,,,,5000,1,16,2.687491,,,,,,,,,,,,,,,
,,,,,5000,1,17,2.524575,,,,,,,,,,,,,,,
,,,,,5000,1,17,2.510413,,,,,,,,,,,,,,,
,,,,,5000,1,18,2.527019,,,,,,,,,,,,,,,
,,,,,5000,1,18,2.521617,,,,,,,,,,,,,,,
,,,,,5000,1,19,2.438995,,,,,,,,,,,,,,,
,,,,,5000,1,19,2.436766,,,,,,,,,,,,,,,
,,,,,5000,1,20,2.151157,,,,,,,,,,,,,,,
,,,,,5000,1,20,2.114435,,,,,,,,,,,,,,,
,,,,,5000,1,21,2.050640,,,,,,,,,,,,,,,
,,,,,5000,1,21,2.027270,,,,,,,,,,,,,,,
,,,,,5000,1,22,2.004208,,,,,,,,,,,,,,,
,,,,,5000,1,22,1.974364,,,,,,,,,,,,,,,
,,,,,5000,1,23,1.936383,,,,,,,,,,,,,,,
,,,,,5000,1,23,1.921859,,,,,,,,,,,,,,,
,,,,,5000,1,24,1.846766,,,,,,,,,,,,,,,
,,,,,5000,1,24,1.838187,,,,,,,,,,,,,,,
,,,,,5000,1,25,1.731878,,,,,,,,,,,,,,,
,,,,,5000,1,25,1.717226,,,,,,,,,,,,,,,
,,,,,5000,1,26,1.742745,,,,,,,,,,,,,,,
,,,,,5000,1,26,1.727163,,,,,,,,,,,,,,,
,,,,,5000,1,27,1.662485,,,,,,,,,,,,,,,
,,,,,5000,1,27,1.665347,,,,,,,,,,,,,,,
,,,,,5000,1,28,1.708858,,,,,,,,,,,,,,,
,,,,,5000,1,28,1.705770,,,,,,,,,,,,,,,
,,,,,5000,1,29,1.671400,,,,,,,,,,,,,,,
,,,,,5000,1,29,1.681268,,,,,,,,,,,,,,,
,,,,,5000,1,30,1.723234,,,,,,,,,,,,,,,
,,,,,5000,1,30,1.694056,,,,,,,,,,,,,,,
,,,,,5000,1,31,1.674078,,,,,,,,,,,,,,,
,,,,,5000,1,31,1.662531,,,,,,,,,,,,,,,
,,,,,5000,1,32,1.621826,,,,,,,,,,,,,,,
,,,,,5000,1,32,1.628512,,,,,,,,,,,,,,,
,,,,,5000,1,33,1.628927,,,,,,,,,,,,,,,
,,,,,5000,1,33,1.632086,,,,,,,,,,,,,,,
,,,,,5000,1,34,1.654229,,,,,,,,,,,,,,,
,,,,,5000,1,34,1.654380,,,,,,,,,,,,,,,
,,,,,5000,1,35,1.735928,,,,,,,,,,,,,,,
,,,,,5000,1,35,1.713250,,,,,,,,,,,,,,,
,,,,,5000,1,36,1.756163,,,,,,,,,,,,,,,
,,,,,5000,1,36,1.743904,,,,,,,,,,,,,,,
,,,,,5000,1,37,1.689536,,,,,,,,,,,,,,,
,,,,,5000,1,37,1.680016,,,,,,,,,,,,,,,
,,,,,5000,1,38,1.704858,,,,,,,,,,,,,,,
,,,,,5000,1,38,1.687682,,,,,,,,,,,,,,,
,,,,,5000,1,39,1.221487,,,,,,,,,,,,,,,
,,,,,5000,1,39,1.199403,,,,,,,,,,,,,,,
,,,,,5000,1,40,1.147240,,,,,,,,,,,,,,,
,,,,,5000,1,40,1.148196,,,,,,,,,,,,,,,
,,,,,5000,1,41,1.433911,,,,,,,,,,,,,,,
,,,,,5000,1,41,1.433211,,,,,,,,,,,,,,,
,,,,,5000,1,42,1.119130,,,,,,,,,,,,,,,
,,,,,5000,1,42,1.080303,,,,,,,,,,,,,,,
,,,,,5000,1,43,1.145996,,,,,,,,,,,,,,,
,,,,,5000,1,43,1.133996,,,,,,,,,,,,,,,
,,,,,5000,1,44,1.273228,,,,,,,,,,,,,,,
,,,,,5000,1,44,1.263471,,,,,,,,,,,,,,,
,,,,,5000,1,45,1.079936,,,,,,,,,,,,,,,
,,,,,5000,1,45,1.068166,,,,,,,,,,,,,,,
,,,,,5000,1,46,1.257898,,,,,,,,,,,,,,,
,,,,,5000,1,46,1.242415,,,,,,,,,,,,,,,
,,,,,5000,1,47,1.136951,,,,,,,,,,,,,,,
,,,,,5000,1,47,1.104913,,,,,,,,,,,,,,,
,,,,,5000,1,48,1.010658,,,,,,,,,,,,,,,
,,,,,5000,1,48,0.984576,,,,,,,,,,,,,,,
,,,,,5000,1,49,1.044416,,,,,,,,,,,,,,,
,,,,,5000,1,49,1.067445,,,,,,,,,,,,,,,
,,,,,5000,1,50,1.046114,,,,,,,,,,,,,,,
,,,,,5000,1,50,1.101791,,,,,,,,,,,,,,,
,,,,,5000,1,51,1.024376,,,,,,,,,,,,,,,
,,,,,5000,1,51,0.974194,,,,,,,,,,,,,,,
,,,,,5000,1,52,1.045793,,,,,,,,,,,,,,,
,,,,,5000,1,52,0.988035,,,,,,,,,,,,,,,
,,,,,5000,1,53,1.126101,,,,,,,,,,,,,,,
,,,,,5000,1,53,1.108713,,,,,,,,,,,,,,,
,,,,,5000,1,54,1.167359,,,,,,,,,,,,,,,
,,,,,5000,1,54,1.163211,,,,,,,,,,,,,,,
,,,,,5000,1,55,1.376078,,,,,,,,,,,,,,,
,,,,,5000,1,55,1.369359,,,,,,,,,,,,,,,
,,,,,5000,1,56,1.135767,,,,,,,,,,,,,,,
,,,,,5000,1,56,1.184769,,,,,,,,,,,,,,,
,,,,,5000,1,57,1.220628,,,,,,,,,,,,,,,
,,,,,5000,1,57,1.197111,,,,,,,,,,,,,,,
,,,,,5000,1,58,1.154563,,,,,,,,,,,,,,,
,,,,,5000,1,58,1.181313,,,,,,,,,,,,,,,
,,,,,5000,1,59,1.169036,,,,,,,,,,,,,,,
,,,,,5000,1,59,1.169465,,,,,,,,,,,,,,,
,,,,,5000,1,60,1.163632,,,,,,,,,,,,,,,
,,,,,5000,1,60,1.123334,,,,,,,,,,,,,,,
,,,,,5000,1,61,1.461350,,,,,,,,,,,,,,,
,,,,,5000,1,61,1.451085,,,,,,,,,,,,,,,
,,,,,5000,1,62,1.278737,,,,,,,,,,,,,,,
,,,,,5000,1,62,1.289760,,,,,,,,,,,,,,,
,,,,,5000,1,63,1.216526,,,,,,,,,,,,,,,
,,,,,5000,1,63,1.213069,,,,,,,,,,,,,,,
,,,,,5000,1,64,1.238696,,,,,,,,,,,,,,,
,,,,,5000,1,64,1.190188,,,,,,,,,,,,,,,
,,,,,5000,1,65,1.450620,,,,,,,,,,,,,,,
,,,,,5000,1,65,1.408429,,,,,,,,,,,,,,,
,,,,,5000,1,66,1.359672,,,,,,,,,,,,,,,
,,,,,5000,1,66,1.335280,,,,,,,,,,,,,,,
,,,,,5000,1,67,1.304730,,,,,,,,,,,,,,,
,,,,,5000,1,67,1.282030,,,,,,,,,,,,,,,
,,,,,5000,1,68,1.337453,,,,,,,,,,,,,,,
,,,,,5000,1,68,1.286184,,,,,,,,,,,,,,,
,,,,,5000,1,69,1.302834,,,,,,,,,,,,,,,
,,,,,5000,1,69,1.281075,,,,,,,,,,,,,,,
,,,,,5000,1,70,1.328532,,,,,,,,,,,,,,,
,,,,,5000,1,70,1.320484,,,,,,,,,,,,,,,
,,,,,5000,1,71,1.380056,,,,,,,,,,,,,,,
,,,,,5000,1,71,1.371858,,,,,,,,,,,,,,,
,,,,,5000,1,72,1.403896,,,,,,,,,,,,,,,
,,,,,5000,1,72,1.388715,,,,,,,,,,,,,,,
,,,,,5000,1,73,1.305860,,,,,,,,,,,,,,,
,,,,,5000,1,73,1.297477,,,,,,,,,,,,,,,
,,,,,5000,1,74,1.322228,,,,,,,,,,,,,,,
,,,,,5000,1,74,1.327547,,,,,,,,,,,,,,,
,,,,,5000,1,75,1.495345,,,,,,,,,,,,,,,
,,,,,5000,1,75,1.466232,,,,,,,,,,,,,,,
,,,,,5000,1,76,1.392576,,,,,,,,,,,,,,,
,,,,,5000,1,76,1.349550,,,,,,,,,,,,,,,
,,,,,5000,1,77,1.639435,,,,,,,,,,,,,,,
,,,,,5000,1,77,1.627513,,,,,,,,,,,,,,,
,,,,,5000,1,78,1.340458,,,,,,,,,,,,,,,
,,,,,5000,1,78,1.309712,,,,,,,,,,,,,,,
,,,,,5000,1,79,1.354563,,,,,,,,,,,,,,,
,,,,,5000,1,79,1.400031,,,,,,,,,,,,,,,
,,,,,5000,1,80,1.487228,,,,,,,,,,,,,,,
,,,,,5000,1,80,1.492459,,,,,,,,,,,,,,,
,,,,,5000,1,81,1.611905,,,,,,,,,,,,,,,
,,,,,5000,1,81,1.595491,,,,,,,,,,,,,,,
,,,,,5000,1,82,1.771000,,,,,,,,,,,,,,,
,,,,,5000,1,82,1.749706,,,,,,,,,,,,,,,
,,,,,5000,1,83,1.448042,,,,,,,,,,,,,,,
,,,,,5000,1,83,1.424081,,,,,,,,,,,,,,,
,,,,,5000,1,84,1.642288,,,,,,,,,,,,,,,
,,,,,5000,1,84,1.619495,,,,,,,,,,,,,,,
,,,,,5000,1,85,1.521032,,,,,,,,,,,,,,,
,,,,,5000,1,85,1.484073,,,,,,,,,,,,,,,
,,,,,5000,1,86,1.551304,,,,,,,,,,,,,,,
,,,,,5000,1,86,1.513904,,,,,,,,,,,,,,,
,,,,,5000,1,87,1.578789,,,,,,,,,,,,,,,
,,,,,5000,1,87,1.579826,,,,,,,,,,,,,,,
,,,,,5000,1,88,1.807968,,,,,,,,,,,,,,,
,,,,,5000,1,88,1.782112,,,,,,,,,,,,,,,
,,,,,5000,1,89,1.506824,,,,,,,,,,,,,,,
,,,,,5000,1,89,1.494651,,,,,,,,,,,,,,,
,,,,,5000,1,90,1.556578,,,,,,,,,,,,,,,
,,,,,5000,1,90,1.548408,,,,,,,,,,,,,,,
,,,,,5000,1,91,1.610709,,,,,,,,,,,,,,,
,,,,,5000,1,91,1.591046,,,,,,,,,,,,,,,
,,,,,5000,1,92,1.616320,,,,,,,,,,,,,,,
,,,,,5000,1,92,1.604927,,,,,,,,,,,,,,,
,,,,,5000,1,93,1.849858,,,,,,,,,,,,,,,
,,,,,5000,1,93,1.832171,,,,,,,,,,,,,,,
,,,,,5000,1,94,1.648428,,,,,,,,,,,,,,,
,,,,,5000,1,94,1.632223,,,,,,,,,,,,,,,
,,,,,5000,1,95,1.817154,,,,,,,,,,,,,,,
,,,,,5000,1,95,1.805321,,,,,,,,,,,,,,,
,,,,,5000,1,96,1.647846,,,,,,,,,,,,,,,
,,,,,5000,1,96,1.629217,,,,,,,,,,,,,,,
,,,,,5000,1,97,1.783302,,,,,,,,,,,,,,,
,,,,,5000,1,97,1.784833,,,,,,,,,,,,,,,
,,,,,5000,1,98,1.684918,,,,,,,,,,,,,,,
,,,,,5000,1,98,1.667082,,,,,,,,,,,,,,,
,,,,,5000,1,99,1.767483,,,,,,,,,,,,,,,
,,,,,5000,1,99,1.753074,,,,,,,,,,,,,,,
,,,,,5000,1,100,1.729021,,,,,,,,,,,,,,,
,,,,,5000,1,100,1.707873,,,,,,,,,,,,,,,
,,,,,5000,1,101,1.730453,,,,,,,,,,,,,,,
,,,,,5000,1,101,1.714804,,,,,,,,,,,,,,,
,,,,,5000,1,102,1.747871,,,,,,,,,,,,,,,
,,,,,5000,1,102,1.730399,,,,,,,,,,,,,,,
,,,,,5000,1,103,1.697565,,,,,,,,,,,,,,,
,,,,,5000,1,103,1.684339,,,,,,,,,,,,,,,
,,,,,5000,1,104,1.710041,,,,,,,,,,,,,,,
,,,,,5000,1,104,1.695935,,,,,,,,,,,,,,,
,,,,,5000,1,105,1.770977,,,,,,,,,,,,,,,
,,,,,5000,1,105,1.742467,,,,,,,,,,,,,,,
,,,,,5000,1,106,1.767418,,,,,,,,,,,,,,,
,,,,,5000,1,106,1.770579,,,,,,,,,,,,,,,
,,,,,5000,1,107,1.831529,,,,,,,,,,,,,,,
,,,,,5000,1,107,1.808557,,,,,,,,,,,,,,,
,,,,,5000,1,108,1.891556,,,,,,,,,,,,,,,
,,,,,5000,1,108,1.870579,,,,,,,,,,,,,,,
,,,,,5000,1,109,2.257832,,,,,,,,,,,,,,,
,,,,,5000,1,109,2.235510,,,,,,,,,,,,,,,
,,,,,5000,1,110,1.970764,,,,,,,,,,,,,,,
,,,,,5000,1,110,1.949962,,,,,,,,,,,,,,,
,,,,,5000,1,111,1.862790,,,,,,,,,,,,,,,
,,,,,5000,1,111,1.855394,,,,,,,,,,,,,,,
,,,,,5000,1,112,2.116064,,,,,,,,,,,,,,,
,,,,,5000,1,112,2.106163,,,,,,,,,,,,,,,
,,,,,5000,1,113,1.934558,,,,,,,,,,,,,,,
,,,,,5000,1,113,1.916277,,,,,,,,,,,,,,,
,,,,,5000,1,114,2.368754,,,,,,,,,,,,,,,
,,,,,5000,1,114,2.347896,,,,,,,,,,,,,,,
,,,,,5000,1,115,2.011241,,,,,,,,,,,,,,,
,,,,,5000,1,115,1.997614,,,,,,,,,,,,,,,
,,,,,5000,1,116,1.918717,,,,,,,,,,,,,,,
,,,,,5000,1,116,1.903641,,,,,,,,,,,,,,,
,,,,,5000,1,117,2.284495,,,,,,,,,,,,,,,
,,,,,5000,1,117,2.270693,,,,,,,,,,,,,,,
,,,,,5000,1,118,1.975155,,,,,,,,,,,,,,,
,,,,,5000,1,118,1.956246,,,,,,,,,,,,,,,
,,,,,5000,1,119,1.989911,,,,,,,,,,,,,,,
,,,,,5000,1,119,1.975137,,,,,,,,,,,,,,,
,,,,,5000,1,120,2.242217,,,,,,,,,,,,,,,
,,,,,5000,1,120,2.213213,,,,,,,,,,,,,,,
,,,,,5000,1,121,2.014137,,,,,,,,,,,,,,,
,,,,,5000,1,121,1.993024,,,,,,,,,,,,,,,
,,,,,5000,1,122,2.567796,,,,,,,,,,,,,,,
,,,,,5000,1,122,2.538548,,,,,,,,,,,,,,,
,,,,,5000,1,123,1.974866,,,,,,,,,,,,,,,
,,,,,5000,1,123,6.563316,,,,,,,,,,,,,,,
,,,,,5000,1,124,2.131307,,,,,,,,,,,,,,,
,,,,,5000,1,124,2.104236,,,,,,,,,,,,,,,
,,,,,5000,1,125,2.005259,,,,,,,,,,,,,,,
,,,,,5000,1,125,1.988282,,,,,,,,,,,,,,,
,,,,,5000,1,126,2.360055,,,,,,,,,,,,,,,
,,,,,5000,1,126,2.417844,,,,,,,,,,,,,,,
,,,,,5000,1,127,2.233972,,,,,,,,,,,,,,,
,,,,,5000,1,127,2.218967,,,,,,,,,,,,,,,
,,,,,5000,1,128,2.094962,,,,,,,,,,,,,,,
,,,,,5000,1,128,2.082062,,,,,,,,,,,,,,,
,,,,,5000,2,1,20.719369,,,,,,,,,,,,,,,
,,,,,5000,2,1,20.716528,,,,,,,,,,,,,,,
,,,,,5000,2,2,10.368933,,,,,,,,,,,,,,,
,,,,,5000,2,2,20.722750,,,,,,,,,,,,,,,
,,,,,5000,2,3,7.094335,,,,,,,,,,,,,,,
,,,,,5000,2,3,20.717441,,,,,,,,,,,,,,,
,,,,,5000,2,4,5.362781,,,,,,,,,,,,,,,
,,,,,5000,2,4,20.716736,,,,,,,,,,,,,,,
,,,,,5000,2,5,4.307796,,,,,,,,,,,,,,,
,,,,,5000,2,5,20.714794,,,,,,,,,,,,,,,
,,,,,5000,2,6,3.641419,,,,,,,,,,,,,,,
,,,,,5000,2,6,20.714261,,,,,,,,,,,,,,,
,,,,,5000,2,7,3.127373,,,,,,,,,,,,,,,
,,,,,5000,2,7,20.714577,,,,,,,,,,,,,,,
,,,,,5000,2,8,2.731830,,,,,,,,,,,,,,,
,,,,,5000,2,8,20.714299,,,,,,,,,,,,,,,
,,,,,5000,2,9,2.474622,,,,,,,,,,,,,,,
,,,,,5000,2,9,20.713685,,,,,,,,,,,,,,,
,,,,,5000,2,10,2.206768,,,,,,,,,,,,,,,
,,,,,5000,2,10,20.714911,,,,,,,,,,,,,,,
,,,,,5000,2,11,2.062948,,,,,,,,,,,,,,,
,,,,,5000,2,11,20.713938,,,,,,,,,,,,,,,
,,,,,5000,2,12,1.934194,,,,,,,,,,,,,,,
,,,,,5000,2,12,20.713975,,,,,,,,,,,,,,,
,,,,,5000,2,13,1.780802,,,,,,,,,,,,,,,
,,,,,5000,2,13,20.713488,,,,,,,,,,,,,,,
,,,,,5000,2,14,1.633051,,,,,,,,,,,,,,,
,,,,,5000,2,14,20.713881,,,,,,,,,,,,,,,
,,,,,5000,2,15,1.531615,,,,,,,,,,,,,,,
,,,,,5000,2,15,20.714401,,,,,,,,,,,,,,,
,,,,,5000,2,16,1.456791,,,,,,,,,,,,,,,
,,,,,5000,2,16,20.713995,,,,,,,,,,,,,,,
,,,,,5000,2,17,1.479649,,,,,,,,,,,,,,,
,,,,,5000,2,17,20.713742,,,,,,,,,,,,,,,
,,,,,5000,2,18,1.477379,,,,,,,,,,,,,,,
,,,,,5000,2,18,20.712707,,,,,,,,,,,,,,,
,,,,,5000,2,19,1.493789,,,,,,,,,,,,,,,
,,,,,5000,2,19,20.713194,,,,,,,,,,,,,,,
,,,,,5000,2,20,1.188227,,,,,,,,,,,,,,,
,,,,,5000,2,20,20.714923,,,,,,,,,,,,,,,
,,,,,5000,2,21,1.111796,,,,,,,,,,,,,,,
,,,,,5000,2,21,20.714477,,,,,,,,,,,,,,,
,,,,,5000,2,22,1.119456,,,,,,,,,,,,,,,
,,,,,5000,2,22,20.713861,,,,,,,,,,,,,,,
,,,,,5000,2,23,1.097586,,,,,,,,,,,,,,,
,,,,,5000,2,23,20.714062,,,,,,,,,,,,,,,
,,,,,5000,2,24,1.102306,,,,,,,,,,,,,,,
,,,,,5000,2,24,20.714078,,,,,,,,,,,,,,,
,,,,,5000,2,25,1.076665,,,,,,,,,,,,,,,
,,,,,5000,2,25,20.713530,,,,,,,,,,,,,,,
,,,,,5000,2,26,1.068041,,,,,,,,,,,,,,,
,,,,,5000,2,26,20.713663,,,,,,,,,,,,,,,
,,,,,5000,2,27,1.140002,,,,,,,,,,,,,,,
,,,,,5000,2,27,20.713055,,,,,,,,,,,,,,,
,,,,,5000,2,28,1.130268,,,,,,,,,,,,,,,
,,,,,5000,2,28,20.713459,,,,,,,,,,,,,,,
,,,,,5000,2,29,1.136085,,,,,,,,,,,,,,,
,,,,,5000,2,29,20.714214,,,,,,,,,,,,,,,
,,,,,5000,2,30,1.191255,,,,,,,,,,,,,,,
,,,,,5000,2,30,20.713587,,,,,,,,,,,,,,,
,,,,,5000,2,31,1.177008,,,,,,,,,,,,,,,
,,,,,5000,2,31,20.714544,,,,,,,,,,,,,,,
,,,,,5000,2,32,1.187246,,,,,,,,,,,,,,,
,,,,,5000,2,32,20.713888,,,,,,,,,,,,,,,
,,,,,5000,2,33,1.201359,,,,,,,,,,,,,,,
,,,,,5000,2,33,20.714029,,,,,,,,,,,,,,,
,,,,,5000,2,34,1.196855,,,,,,,,,,,,,,,
,,,,,5000,2,34,20.715129,,,,,,,,,,,,,,,
,,,,,5000,2,35,1.284479,,,,,,,,,,,,,,,
,,,,,5000,2,35,20.713397,,,,,,,,,,,,,,,
,,,,,5000,2,36,1.293243,,,,,,,,,,,,,,,
,,,,,5000,2,36,20.713616,,,,,,,,,,,,,,,
,,,,,5000,2,37,1.269358,,,,,,,,,,,,,,,
,,,,,5000,2,37,20.713964,,,,,,,,,,,,,,,
,,,,,5000,2,38,1.307274,,,,,,,,,,,,,,,
,,,,,5000,2,38,20.713649,,,,,,,,,,,,,,,
,,,,,5000,2,39,0.770138,,,,,,,,,,,,,,,
,,,,,5000,2,39,20.714380,,,,,,,,,,,,,,,
,,,,,5000,2,40,0.802889,,,,,,,,,,,,,,,
,,,,,5000,2,40,20.713839,,,,,,,,,,,,,,,
,,,,,5000,2,41,0.936631,,,,,,,,,,,,,,,
,,,,,5000,2,41,20.723686,,,,,,,,,,,,,,,
,,,,,5000,2,42,0.809651,,,,,,,,,,,,,,,
,,,,,5000,2,42,20.714320,,,,,,,,,,,,,,,
,,,,,5000,2,43,0.841432,,,,,,,,,,,,,,,
,,,,,5000,2,43,20.713668,,,,,,,,,,,,,,,
,,,,,5000,2,44,0.939075,,,,,,,,,,,,,,,
,,,,,5000,2,44,20.714220,,,,,,,,,,,,,,,
,,,,,5000,2,45,0.852205,,,,,,,,,,,,,,,
,,,,,5000,2,45,20.714548,,,,,,,,,,,,,,,
,,,,,5000,2,46,0.897891,,,,,,,,,,,,,,,
,,,,,5000,2,46,20.713933,,,,,,,,,,,,,,,
,,,,,5000,2,47,0.921047,,,,,,,,,,,,,,,
,,,,,5000,2,47,20.714389,,,,,,,,,,,,,,,
,,,,,5000,2,48,0.872061,,,,,,,,,,,,,,,
,,,,,5000,2,48,20.713843,,,,,,,,,,,,,,,
,,,,,5000,2,49,0.928817,,,,,,,,,,,,,,,
,,,,,5000,2,49,20.714282,,,,,,,,,,,,,,,
,,,,,5000,2,50,0.926232,,,,,,,,,,,,,,,
,,,,,5000,2,50,20.714904,,,,,,,,,,,,,,,
,,,,,5000,2,51,0.968502,,,,,,,,,,,,,,,
,,,,,5000,2,51,20.714718,,,,,,,,,,,,,,,
,,,,,5000,2,52,0.941433,,,,,,,,,,,,,,,
,,,,,5000,2,52,20.715177,,,,,,,,,,,,,,,
,,,,,5000,2,53,0.999216,,,,,,,,,,,,,,,
,,,,,5000,2,53,20.714324,,,,,,,,,,,,,,,
,,,,,5000,2,54,1.036132,,,,,,,,,,,,,,,
,,,,,5000,2,54,20.714361,,,,,,,,,,,,,,,
,,,,,5000,2,55,1.127664,,,,,,,,,,,,,,,
,,,,,5000,2,55,20.714318,,,,,,,,,,,,,,,
,,,,,5000,2,56,1.028189,,,,,,,,,,,,,,,
,,,,,5000,2,56,20.715118,,,,,,,,,,,,,,,
,,,,,5000,2,57,1.077274,,,,,,,,,,,,,,,
,,,,,5000,2,57,20.714161,,,,,,,,,,,,,,,
,,,,,5000,2,58,1.074500,,,,,,,,,,,,,,,
,,,,,5000,2,58,20.714888,,,,,,,,,,,,,,,
,,,,,5000,2,59,1.047166,,,,,,,,,,,,,,,
,,,,,5000,2,59,20.713305,,,,,,,,,,,,,,,
,,,,,5000,2,60,1.102366,,,,,,,,,,,,,,,
,,,,,5000,2,60,20.714562,,,,,,,,,,,,,,,
,,,,,5000,2,61,1.216474,,,,,,,,,,,,,,,
,,,,,5000,2,61,20.713900,,,,,,,,,,,,,,,
,,,,,5000,2,62,1.149487,,,,,,,,,,,,,,,
,,,,,5000,2,62,20.714560,,,,,,,,,,,,,,,
,,,,,5000,2,63,1.133751,,,,,,,,,,,,,,,
,,,,,5000,2,63,20.714446,,,,,,,,,,,,,,,
,,,,,5000,2,64,1.147329,,,,,,,,,,,,,,,
,,,,,5000,2,64,20.715171,,,,,,,,,,,,,,,
,,,,,5000,3,1,13.925867,,,,,,,,,,,,,,,
,,,,,5000,3,1,13.924120,,,,,,,,,,,,,,,
,,,,,5000,3,2,6.978378,,,,,,,,,,,,,,,
,,,,,5000,3,2,13.902927,,,,,,,,,,,,,,,
,,,,,5000,3,3,4.792397,,,,,,,,,,,,,,,
,,,,,5000,3,3,13.910029,,,,,,,,,,,,,,,
,,,,,5000,3,4,3.597038,,,,,,,,,,,,,,,
,,,,,5000,3,4,13.908477,,,,,,,,,,,,,,,
,,,,,5000,3,5,2.896653,,,,,,,,,,,,,,,
,,,,,5000,3,5,13.907985,,,,,,,,,,,,,,,
,,,,,5000,3,6,2.413651,,,,,,,,,,,,,,,
,,,,,5000,3,6,13.907878,,,,,,,,,,,,,,,
,,,,,5000,3,7,2.074256,,,,,,,,,,,,,,,
,,,,,5000,3,7,13.907978,,,,,,,,,,,,,,,
,,,,,5000,3,8,1.854391,,,,,,,,,,,,,,,
,,,,,5000,3,8,13.908008,,,,,,,,,,,,,,,
,,,,,5000,3,9,1.683242,,,,,,,,,,,,,,,
,,,,,5000,3,9,13.908743,,,,,,,,,,,,,,,
,,,,,5000,3,10,1.515023,,,,,,,,,,,,,,,
,,,,,5000,3,10,13.908409,,,,,,,,,,,,,,,
,,,,,5000,3,11,1.382371,,,,,,,,,,,,,,,
,,,,,5000,3,11,13.907519,,,,,,,,,,,,,,,
,,,,,5000,3,12,1.339607,,,,,,,,,,,,,,,
,,,,,5000,3,12,13.908027,,,,,,,,,,,,,,,
,,,,,5000,3,13,1.206871,,,,,,,,,,,,,,,
,,,,,5000,3,13,13.908491,,,,,,,,,,,,,,,
,,,,,5000,3,14,1.133923,,,,,,,,,,,,,,,
,,,,,5000,3,14,13.908100,,,,,,,,,,,,,,,
,,,,,5000,3,15,1.088452,,,,,,,,,,,,,,,
,,,,,5000,3,15,13.924269,,,,,,,,,,,,,,,
,,,,,5000,3,16,1.079752,,,,,,,,,,,,,,,
,,,,,5000,3,16,13.924844,,,,,,,,,,,,,,,
,,,,,5000,3,17,1.097370,,,,,,,,,,,,,,,
,,,,,5000,3,17,13.907821,,,,,,,,,,,,,,,
,,,,,5000,3,18,1.122758,,,,,,,,,,,,,,,
,,,,,5000,3,18,13.908894,,,,,,,,,,,,,,,
,,,,,5000,3,19,1.127251,,,,,,,,,,,,,,,
,,,,,5000,3,19,13.925369,,,,,,,,,,,,,,,
,,,,,5000,3,20,0.877332,,,,,,,,,,,,,,,
,,,,,5000,3,20,13.906665,,,,,,,,,,,,,,,
,,,,,5000,3,21,0.828600,,,,,,,,,,,,,,,
,,,,,5000,3,21,13.905076,,,,,,,,,,,,,,,
,,,,,5000,3,22,0.868904,,,,,,,,,,,,,,,
,,,,,5000,3,22,13.907781,,,,,,,,,,,,,,,
,,,,,5000,3,23,0.900910,,,,,,,,,,,,,,,
,,,,,5000,3,23,13.917389,,,,,,,,,,,,,,,
,,,,,5000,3,24,0.885355,,,,,,,,,,,,,,,
,,,,,5000,3,24,13.925428,,,,,,,,,,,,,,,
,,,,,5000,3,25,0.912713,,,,,,,,,,,,,,,
,,,,,5000,3,25,13.903451,,,,,,,,,,,,,,,
,,,,,5000,3,26,0.934780,,,,,,,,,,,,,,,
,,,,,5000,3,26,13.924538,,,,,,,,,,,,,,,
,,,,,5000,3,27,0.992186,,,,,,,,,,,,,,,
,,,,,5000,3,27,13.924289,,,,,,,,,,,,,,,
,,,,,5000,3,28,1.017541,,,,,,,,,,,,,,,
,,,,,5000,3,28,13.924811,,,,,,,,,,,,,,,
,,,,,5000,3,29,1.027342,,,,,,,,,,,,,,,
,,,,,5000,3,29,13.904458,,,,,,,,,,,,,,,
,,,,,5000,3,30,1.076733,,,,,,,,,,,,,,,
,,,,,5000,3,30,13.924888,,,,,,,,,,,,,,,
,,,,,5000,3,31,1.100797,,,,,,,,,,,,,,,
,,,,,5000,3,31,13.903938,,,,,,,,,,,,,,,
,,,,,5000,3,32,1.107937,,,,,,,,,,,,,,,
,,,,,5000,3,32,13.909008,,,,,,,,,,,,,,,
,,,,,5000,3,33,1.134380,,,,,,,,,,,,,,,
,,,,,5000,3,33,13.907379,,,,,,,,,,,,,,,
,,,,,5000,3,34,1.166795,,,,,,,,,,,,,,,
,,,,,5000,3,34,13.924120,,,,,,,,,,,,,,,
,,,,,5000,3,35,1.212949,,,,,,,,,,,,,,,
,,,,,5000,3,35,14.063919,,,,,,,,,,,,,,,
,,,,,5000,3,36,1.242164,,,,,,,,,,,,,,,
,,,,,5000,3,36,13.907490,,,,,,,,,,,,,,,
,,,,,5000,3,37,1.257391,,,,,,,,,,,,,,,
,,,,,5000,3,37,13.924370,,,,,,,,,,,,,,,
,,,,,5000,3,38,1.297833,,,,,,,,,,,,,,,
,,,,,5000,3,38,13.903819,,,,,,,,,,,,,,,
,,,,,5000,3,39,0.742502,,,,,,,,,,,,,,,
,,,,,5000,3,39,13.908547,,,,,,,,,,,,,,,
,,,,,5000,3,40,0.776857,,,,,,,,,,,,,,,
,,,,,5000,3,40,13.925103,,,,,,,,,,,,,,,
,,,,,5000,3,41,0.870081,,,,,,,,,,,,,,,
,,,,,5000,3,41,13.926539,,,,,,,,,,,,,,,
,,,,,5000,3,42,0.814027,,,,,,,,,,,,,,,
,,,,,5000,3,42,13.925485,,,,,,,,,,,,,,,
,,,,,5000,4,1,10.458318,,,,,,,,,,,,,,,
,,,,,5000,4,1,10.457150,,,,,,,,,,,,,,,
,,,,,5000,4,2,5.319834,,,,,,,,,,,,,,,
,,,,,5000,4,2,10.457057,,,,,,,,,,,,,,,
,,,,,5000,4,3,3.658666,,,,,,,,,,,,,,,
,,,,,5000,4,3,10.485101,,,,,,,,,,,,,,,
,,,,,5000,4,4,2.761736,,,,,,,,,,,,,,,
,,,,,5000,4,4,10.485991,,,,,,,,,,,,,,,
,,,,,5000,4,5,2.225948,,,,,,,,,,,,,,,
,,,,,5000,4,5,10.457812,,,,,,,,,,,,,,,
,,,,,5000,4,6,1.862912,,,,,,,,,,,,,,,
,,,,,5000,4,6,10.457024,,,,,,,,,,,,,,,
,,,,,5000,4,7,1.599739,,,,,,,,,,,,,,,
,,,,,5000,4,7,10.463638,,,,,,,,,,,,,,,
,,,,,5000,4,8,1.441640,,,,,,,,,,,,,,,
,,,,,5000,4,8,10.457254,,,,,,,,,,,,,,,
,,,,,5000,4,9,1.348714,,,,,,,,,,,,,,,
,,,,,5000,4,9,10.457927,,,,,,,,,,,,,,,
,,,,,5000,4,10,1.160191,,,,,,,,,,,,,,,
,,,,,5000,4,10,10.486568,,,,,,,,,,,,,,,
,,,,,5000,4,11,1.124989,,,,,,,,,,,,,,,
,,,,,5000,4,11,10.485426,,,,,,,,,,,,,,,
,,,,,5000,4,12,1.122887,,,,,,,,,,,,,,,
,,,,,5000,4,12,10.457499,,,,,,,,,,,,,,,
,,,,,5000,4,13,0.967642,,,,,,,,,,,,,,,
,,,,,5000,4,13,10.464798,,,,,,,,,,,,,,,
,,,,,5000,4,14,0.931878,,,,,,,,,,,,,,,
,,,,,5000,4,14,10.464330,,,,,,,,,,,,,,,
,,,,,5000,4,15,0.966592,,,,,,,,,,,,,,,
,,,,,5000,4,15,10.486862,,,,,,,,,,,,,,,
,,,,,5000,4,16,0.942826,,,,,,,,,,,,,,,
,,,,,5000,4,16,10.485768,,,,,,,,,,,,,,,
,,,,,5000,4,17,0.981869,,,,,,,,,,,,,,,
,,,,,5000,4,17,10.485367,,,,,,,,,,,,,,,
,,,,,5000,4,18,1.017625,,,,,,,,,,,,,,,
,,,,,5000,4,18,10.485446,,,,,,,,,,,,,,,
,,,,,5000,4,19,1.040313,,,,,,,,,,,,,,,
,,,,,5000,4,19,10.484932,,,,,,,,,,,,,,,
,,,,,5000,4,20,0.823477,,,,,,,,,,,,,,,
,,,,,5000,4,20,10.457806,,,,,,,,,,,,,,,
,,,,,5000,4,21,0.849928,,,,,,,,,,,,,,,
,,,,,5000,4,21,10.464693,,,,,,,,,,,,,,,
,,,,,5000,4,22,0.865549,,,,,,,,,,,,,,,
,,,,,5000,4,22,10.464852,,,,,,,,,,,,,,,
,,,,,5000,4,23,0.894301,,,,,,,,,,,,,,,
,,,,,5000,4,23,10.485007,,,,,,,,,,,,,,,
,,,,,5000,4,24,0.897463,,,,,,,,,,,,,,,
,,,,,5000,4,24,10.483271,,,,,,,,,,,,,,,
,,,,,5000,4,25,0.933705,,,,,,,,,,,,,,,
,,,,,5000,4,25,10.483648,,,,,,,,,,,,,,,
,,,,,5000,4,26,0.961322,,,,,,,,,,,,,,,
,,,,,5000,4,26,10.465379,,,,,,,,,,,,,,,
,,,,,5000,4,27,1.018419,,,,,,,,,,,,,,,
,,,,,5000,4,27,10.464344,,,,,,,,,,,,,,,
,,,,,5000,4,28,1.045433,,,,,,,,,,,,,,,
,,,,,5000,4,28,10.485807,,,,,,,,,,,,,,,
,,,,,5000,4,29,1.063582,,,,,,,,,,,,,,,
,,,,,5000,4,29,10.464451,,,,,,,,,,,,,,,
,,,,,5000,4,30,1.103925,,,,,,,,,,,,,,,
,,,,,5000,4,30,10.485723,,,,,,,,,,,,,,,
,,,,,5000,4,31,1.125645,,,,,,,,,,,,,,,
,,,,,5000,4,31,10.483419,,,,,,,,,,,,,,,
,,,,,5000,4,32,1.142536,,,,,,,,,,,,,,,
,,,,,5000,4,32,10.464038,,,,,,,,,,,,,,,
,,,,,5000,5,1,8.425941,,,,,,,,,,,,,,,
,,,,,5000,5,1,8.393936,,,,,,,,,,,,,,,
,,,,,5000,5,2,4.257506,,,,,,,,,,,,,,,
,,,,,5000,5,2,8.392982,,,,,,,,,,,,,,,
,,,,,5000,5,3,2.912383,,,,,,,,,,,,,,,
,,,,,5000,5,3,8.465944,,,,,,,,,,,,,,,
,,,,,5000,5,4,2.191853,,,,,,,,,,,,,,,
,,,,,5000,5,4,8.465641,,,,,,,,,,,,,,,
,,,,,5000,5,5,1.769118,,,,,,,,,,,,,,,
,,,,,5000,5,5,8.419942,,,,,,,,,,,,,,,
,,,,,5000,5,6,1.504599,,,,,,,,,,,,,,,
,,,,,5000,5,6,8.484230,,,,,,,,,,,,,,,
,,,,,5000,5,7,1.293189,,,,,,,,,,,,,,,
,,,,,5000,5,7,8.478616,,,,,,,,,,,,,,,
,,,,,5000,5,8,1.154429,,,,,,,,,,,,,,,
,,,,,5000,5,8,8.449206,,,,,,,,,,,,,,,
,,,,,5000,5,9,1.102943,,,,,,,,,,,,,,,
,,,,,5000,5,9,8.462320,,,,,,,,,,,,,,,
,,,,,5000,5,10,0.948430,,,,,,,,,,,,,,,
,,,,,5000,5,10,8.484949,,,,,,,,,,,,,,,
,,,,,5000,5,11,0.921709,,,,,,,,,,,,,,,
,,,,,5000,5,11,8.484823,,,,,,,,,,,,,,,
,,,,,5000,5,12,0.931964,,,,,,,,,,,,,,,
,,,,,5000,5,12,8.465482,,,,,,,,,,,,,,,
,,,,,5000,5,13,0.813408,,,,,,,,,,,,,,,
,,,,,5000,5,13,8.484370,,,,,,,,,,,,,,,
,,,,,5000,5,14,0.792802,,,,,,,,,,,,,,,
,,,,,5000,5,14,8.459016,,,,,,,,,,,,,,,
,,,,,5000,5,15,0.849754,,,,,,,,,,,,,,,
,,,,,5000,5,15,8.459664,,,,,,,,,,,,,,,
,,,,,5000,5,16,0.854738,,,,,,,,,,,,,,,
,,,,,5000,5,16,8.487404,,,,,,,,,,,,,,,
,,,,,5000,5,17,0.897378,,,,,,,,,,,,,,,
,,,,,5000,5,17,8.485213,,,,,,,,,,,,,,,
,,,,,5000,5,18,0.936807,,,,,,,,,,,,,,,
,,,,,5000,5,18,8.485977,,,,,,,,,,,,,,,
,,,,,5000,5,19,0.979493,,,,,,,,,,,,,,,
,,,,,5000,5,19,8.475507,,,,,,,,,,,,,,,
,,,,,5000,5,20,0.771332,,,,,,,,,,,,,,,
,,,,,5000,5,20,8.465899,,,,,,,,,,,,,,,
,,,,,5000,5,21,0.801766,,,,,,,,,,,,,,,
,,,,,5000,5,21,8.457309,,,,,,,,,,,,,,,
,,,,,5000,5,22,0.807847,,,,,,,,,,,,,,,
,,,,,5000,5,22,8.465607,,,,,,,,,,,,,,,
,,,,,5000,5,23,0.861348,,,,,,,,,,,,,,,
,,,,,5000,5,23,8.392146,,,,,,,,,,,,,,,
,,,,,5000,5,24,0.845318,,,,,,,,,,,,,,,
,,,,,5000,5,24,8.484515,,,,,,,,,,,,,,,
,,,,,5000,5,25,0.879892,,,,,,,,,,,,,,,
,,,,,5000,5,25,8.454317,,,,,,,,,,,,,,,
,,,,,5000,6,1,7.143632,,,,,,,,,,,,,,,
,,,,,5000,6,1,7.141780,,,,,,,,,,,,,,,
,,,,,5000,6,2,3.611456,,,,,,,,,,,,,,,
,,,,,5000,6,2,7.135097,,,,,,,,,,,,,,,
,,,,,5000,6,3,2.471089,,,,,,,,,,,,,,,
,,,,,5000,6,3,7.141818,,,,,,,,,,,,,,,
,,,,,5000,6,4,1.844673,,,,,,,,,,,,,,,
,,,,,5000,6,4,7.142136,,,,,,,,,,,,,,,
,,,,,5000,6,5,1.512780,,,,,,,,,,,,,,,
,,,,,5000,6,5,7.145124,,,,,,,,,,,,,,,
,,,,,5000,6,6,1.289642,,,,,,,,,,,,,,,
,,,,,5000,6,6,7.141713,,,,,,,,,,,,,,,
,,,,,5000,6,7,1.127429,,,,,,,,,,,,,,,
,,,,,5000,6,7,7.142090,,,,,,,,,,,,,,,
,,,,,5000,6,8,0.997624,,,,,,,,,,,,,,,
,,,,,5000,6,8,7.142172,,,,,,,,,,,,,,,
,,,,,5000,6,9,0.963472,,,,,,,,,,,,,,,
,,,,,5000,6,9,7.142155,,,,,,,,,,,,,,,
,,,,,5000,6,10,0.829129,,,,,,,,,,,,,,,
,,,,,5000,6,10,7.141983,,,,,,,,,,,,,,,
,,,,,5000,6,11,0.848129,,,,,,,,,,,,,,,
,,,,,5000,6,11,7.143729,,,,,,,,,,,,,,,
,,,,,5000,6,12,0.878551,,,,,,,,,,,,,,,
,,,,,5000,6,12,7.139559,,,,,,,,,,,,,,,
,,,,,5000,6,13,0.754502,,,,,,,,,,,,,,,
,,,,,5000,6,13,7.142281,,,,,,,,,,,,,,,
,,,,,5000,6,14,0.784768,,,,,,,,,,,,,,,
,,,,,5000,6,14,7.149683,,,,,,,,,,,,,,,
,,,,,5000,6,15,0.853985,,,,,,,,,,,,,,,
,,,,,5000,6,15,7.150889,,,,,,,,,,,,,,,
,,,,,5000,6,16,0.860757,,,,,,,,,,,,,,,
,,,,,5000,6,16,7.141175,,,,,,,,,,,,,,,
,,,,,5000,6,17,0.911827,,,,,,,,,,,,,,,
,,,,,5000,6,17,7.142386,,,,,,,,,,,,,,,
,,,,,5000,6,18,0.958182,,,,,,,,,,,,,,,
,,,,,5000,6,18,7.148455,,,,,,,,,,,,,,,
,,,,,5000,6,19,1.010005,,,,,,,,,,,,,,,
,,,,,5000,6,19,7.142167,,,,,,,,,,,,,,,
,,,,,5000,6,20,0.758259,,,,,,,,,,,,,,,
,,,,,5000,6,20,7.141335,,,,,,,,,,,,,,,
,,,,,5000,6,21,0.806025,,,,,,,,,,,,,,,
,,,,,5000,6,21,7.153616,,,,,,,,,,,,,,,
,,,,,5000,7,1,6.156328,,,,,,,,,,,,,,,
,,,,,5000,7,1,6.142490,,,,,,,,,,,,,,,
,,,,,5000,7,2,3.074055,,,,,,,,,,,,,,,
,,,,,5000,7,2,6.152031,,,,,,,,,,,,,,,
,,,,,5000,7,3,2.152632,,,,,,,,,,,,,,,
,,,,,5000,7,3,6.144270,,,,,,,,,,,,,,,
,,,,,5000,7,4,1.629486,,,,,,,,,,,,,,,
,,,,,5000,7,4,6.139358,,,,,,,,,,,,,,,
,,,,,5000,7,5,1.310921,,,,,,,,,,,,,,,
,,,,,5000,7,5,6.144345,,,,,,,,,,,,,,,
,,,,,5000,7,6,1.132755,,,,,,,,,,,,,,,
,,,,,5000,7,6,6.142528,,,,,,,,,,,,,,,
,,,,,5000,7,7,0.996205,,,,,,,,,,,,,,,
,,,,,5000,7,7,6.142777,,,,,,,,,,,,,,,
,,,,,5000,7,8,0.874344,,,,,,,,,,,,,,,
,,,,,5000,7,8,6.147813,,,,,,,,,,,,,,,
,,,,,5000,7,9,0.894233,,,,,,,,,,,,,,,
,,,,,5000,7,9,6.141661,,,,,,,,,,,,,,,
,,,,,5000,7,10,0.790051,,,,,,,,,,,,,,,
,,,,,5000,7,10,6.142314,,,,,,,,,,,,,,,
,,,,,5000,7,11,0.828831,,,,,,,,,,,,,,,
,,,,,5000,7,11,6.142237,,,,,,,,,,,,,,,
,,,,,5000,7,12,0.883533,,,,,,,,,,,,,,,
,,,,,5000,7,12,6.147708,,,,,,,,,,,,,,,
,,,,,5000,7,13,0.764706,,,,,,,,,,,,,,,
,,,,,5000,7,13,6.150507,,,,,,,,,,,,,,,
,,,,,5000,7,14,0.817971,,,,,,,,,,,,,,,
,,,,,5000,7,14,6.150755,,,,,,,,,,,,,,,
,,,,,5000,7,15,0.854360,,,,,,,,,,,,,,,
,,,,,5000,7,15,6.149783,,,,,,,,,,,,,,,
,,,,,5000,7,16,0.883676,,,,,,,,,,,,,,,
,,,,,5000,7,16,6.147559,,,,,,,,,,,,,,,
,,,,,5000,7,17,0.936319,,,,,,,,,,,,,,,
,,,,,5000,7,17,6.125878,,,,,,,,,,,,,,,
,,,,,5000,7,18,0.972715,,,,,,,,,,,,,,,
,,,,,5000,7,18,6.143409,,,,,,,,,,,,,,,
,,,,,5000,8,1,5.445190,,,,,,,,,,,,,,,
,,,,,5000,8,1,5.410908,,,,,,,,,,,,,,,
,,,,,5000,8,2,2.740904,,,,,,,,,,,,,,,
,,,,,5000,8,2,5.397482,,,,,,,,,,,,,,,
,,,,,5000,8,3,1.952170,,,,,,,,,,,,,,,
,,,,,5000,8,3,5.413952,,,,,,,,,,,,,,,
,,,,,5000,8,4,1.458424,,,,,,,,,,,,,,,
,,,,,5000,8,4,5.411323,,,,,,,,,,,,,,,
,,,,,5000,8,5,1.188980,,,,,,,,,,,,,,,
,,,,,5000,8,5,5.436631,,,,,,,,,,,,,,,
,,,,,5000,8,6,1.020108,,,,,,,,,,,,,,,
,,,,,5000,8,6,5.410375,,,,,,,,,,,,,,,
,,,,,5000,8,7,0.920132,,,,,,,,,,,,,,,
,,,,,5000,8,7,5.436003,,,,,,,,,,,,,,,
,,,,,5000,8,8,0.829669,,,,,,,,,,,,,,,
,,,,,5000,8,8,5.440748,,,,,,,,,,,,,,,
,,,,,5000,8,9,0.872606,,,,,,,,,,,,,,,
,,,,,5000,8,9,5.424572,,,,,,,,,,,,,,,
,,,,,5000,8,10,0.782069,,,,,,,,,,,,,,,
,,,,,5000,8,10,5.403075,,,,,,,,,,,,,,,
,,,,,5000,8,11,0.859629,,,,,,,,,,,,,,,
,,,,,5000,8,11,5.401366,,,,,,,,,,,,,,,
,,,,,5000,8,12,0.886363,,,,,,,,,,,,,,,
,,,,,5000,8,12,5.411952,,,,,,,,,,,,,,,
,,,,,5000,8,13,0.765532,,,,,,,,,,,,,,,
,,,,,5000,8,13,5.403768,,,,,,,,,,,,,,,
,,,,,5000,8,14,0.831205,,,,,,,,,,,,,,,
,,,,,5000,8,14,5.435927,,,,,,,,,,,,,,,
,,,,,5000,8,15,0.860733,,,,,,,,,,,,,,,
,,,,,5000,8,15,5.397388,,,,,,,,,,,,,,,
,,,,,5000,8,16,0.890349,,,,,,,,,,,,,,,
,,,,,5000,8,16,5.399432,,,,,,,,,,,,,,,
,,,,,5000,9,1,4.848665,,,,,,,,,,,,,,,
,,,,,5000,9,1,4.843548,,,,,,,,,,,,,,,
,,,,,5000,9,2,2.472389,,,,,,,,,,,,,,,
,,,,,5000,9,2,4.844488,,,,,,,,,,,,,,,
,,,,,5000,9,3,1.790854,,,,,,,,,,,,,,,
,,,,,5000,9,3,4.852876,,,,,,,,,,,,,,,
,,,,,5000,9,4,1.334595,,,,,,,,,,,,,,,
,,,,,5000,9,4,4.854724,,,,,,,,,,,,,,,
,,,,,5000,9,5,1.088192,,,,,,,,,,,,,,,
,,,,,5000,9,5,4.882074,,,,,,,,,,,,,,,
,,,,,5000,9,6,0.962472,,,,,,,,,,,,,,,
,,,,,5000,9,6,4.869271,,,,,,,,,,,,,,,
,,,,,5000,9,7,0.880157,,,,,,,,,,,,,,,
,,,,,5000,9,7,4.845142,,,,,,,,,,,,,,,
,,,,,5000,9,8,0.813402,,,,,,,,,,,,,,,
,,,,,5000,9,8,4.859531,,,,,,,,,,,,,,,
,,,,,5000,9,9,0.871491,,,,,,,,,,,,,,,
,,,,,5000,9,9,4.851865,,,,,,,,,,,,,,,
,,,,,5000,9,10,0.817724,,,,,,,,,,,,,,,
,,,,,5000,9,10,4.862858,,,,,,,,,,,,,,,
,,,,,5000,9,11,0.859475,,,,,,,,,,,,,,,
,,,,,5000,9,11,4.853467,,,,,,,,,,,,,,,
,,,,,5000,9,12,0.918101,,,,,,,,,,,,,,,
,,,,,5000,9,12,4.847050,,,,,,,,,,,,,,,
,,,,,5000,9,13,0.804022,,,,,,,,,,,,,,,
,,,,,5000,9,13,4.846533,,,,,,,,,,,,,,,
,,,,,5000,9,14,0.835502,,,,,,,,,,,,,,,
,,,,,5000,9,14,4.842754,,,,,,,,,,,,,,,
,,,,,5000,10,1,4.364555,,,,,,,,,,,,,,,
,,,,,5000,10,1,4.373280,,,,,,,,,,,,,,,
,,,,,5000,10,2,2.222097,,,,,,,,,,,,,,,
,,,,,5000,10,2,4.370268,,,,,,,,,,,,,,,
,,,,,5000,10,3,1.636865,,,,,,,,,,,,,,,
,,,,,5000,10,3,4.345924,,,,,,,,,,,,,,,
,,,,,5000,10,4,1.225263,,,,,,,,,,,,,,,
,,,,,5000,10,4,4.361332,,,,,,,,,,,,,,,
,,,,,5000,10,5,1.017652,,,,,,,,,,,,,,,
,,,,,5000,10,5,4.336930,,,,,,,,,,,,,,,
,,,,,5000,10,6,0.925064,,,,,,,,,,,,,,,
,,,,,5000,10,6,4.371954,,,,,,,,,,,,,,,
,,,,,5000,10,7,0.864117,,,,,,,,,,,,,,,
,,,,,5000,10,7,4.341521,,,,,,,,,,,,,,,
,,,,,5000,10,8,0.824541,,,,,,,,,,,,,,,
,,,,,5000,10,8,4.375867,,,,,,,,,,,,,,,
,,,,,5000,10,9,0.893438,,,,,,,,,,,,,,,
,,,,,5000,10,9,4.347677,,,,,,,,,,,,,,,
,,,,,5000,10,10,0.817796,,,,,,,,,,,,,,,
,,,,,5000,10,10,4.370892,,,,,,,,,,,,,,,
,,,,,5000,10,11,0.886521,,,,,,,,,,,,,,,
,,,,,5000,10,11,4.370932,,,,,,,,,,,,,,,
,,,,,5000,10,12,0.921758,,,,,,,,,,,,,,,
,,,,,5000,10,12,4.371251,,,,,,,,,,,,,,,
,,,,,5000,11,1,3.999451,,,,,,,,,,,,,,,
,,,,,5000,11,1,4.008226,,,,,,,,,,,,,,,
,,,,,5000,11,2,2.060363,,,,,,,,,,,,,,,
,,,,,5000,11,2,4.000808,,,,,,,,,,,,,,,
,,,,,5000,11,3,1.496557,,,,,,,,,,,,,,,
,,,,,5000,11,3,4.000609,,,,,,,,,,,,,,,
,,,,,5000,11,4,1.128670,,,,,,,,,,,,,,,
,,,,,5000,11,4,4.001346,,,,,,,,,,,,,,,
,,,,,5000,11,5,0.942496,,,,,,,,,,,,,,,
,,,,,5000,11,5,3.996683,,,,,,,,,,,,,,,
,,,,,5000,11,6,0.905134,,,,,,,,,,,,,,,
,,,,,5000,11,6,4.004392,,,,,,,,,,,,,,,
,,,,,5000,11,7,0.881953,,,,,,,,,,,,,,,
,,,,,5000,11,7,4.009147,,,,,,,,,,,,,,,
,,,,,5000,11,8,0.849965,,,,,,,,,,,,,,,
,,,,,5000,11,8,3.997191,,,,,,,,,,,,,,,
,,,,,5000,11,9,0.905538,,,,,,,,,,,,,,,
,,,,,5000,11,9,4.003194,,,,,,,,,,,,,,,
,,,,,5000,11,10,0.843503,,,,,,,,,,,,,,,
,,,,,5000,11,10,4.001819,,,,,,,,,,,,,,,
,,,,,5000,11,11,0.901237,,,,,,,,,,,,,,,
,,,,,5000,11,11,4.012628,,,,,,,,,,,,,,,
,,,,,5000,12,1,3.703622,,,,,,,,,,,,,,,
,,,,,5000,12,1,3.708888,,,,,,,,,,,,,,,
,,,,,5000,12,2,1.899479,,,,,,,,,,,,,,,
,,,,,5000,12,2,3.701611,,,,,,,,,,,,,,,
,,,,,5000,12,3,1.425942,,,,,,,,,,,,,,,
,,,,,5000,12,3,3.702798,,,,,,,,,,,,,,,
,,,,,5000,12,4,1.094976,,,,,,,,,,,,,,,
,,,,,5000,12,4,3.705276,,,,,,,,,,,,,,,
,,,,,5000,12,5,0.931236,,,,,,,,,,,,,,,
,,,,,5000,12,5,3.715512,,,,,,,,,,,,,,,
,,,,,5000,12,6,0.890957,,,,,,,,,,,,,,,
,,,,,5000,12,6,3.703311,,,,,,,,,,,,,,,
,,,,,5000,12,7,0.888195,,,,,,,,,,,,,,,
,,,,,5000,12,7,3.707268,,,,,,,,,,,,,,,
,,,,,5000,12,8,0.857702,,,,,,,,,,,,,,,
,,,,,5000,12,8,3.712434,,,,,,,,,,,,,,,
,,,,,5000,12,9,0.922006,,,,,,,,,,,,,,,
,,,,,5000,12,9,3.709106,,,,,,,,,,,,,,,
,,,,,5000,12,10,0.854669,,,,,,,,,,,,,,,
,,,,,5000,12,10,3.702537,,,,,,,,,,,,,,,
,,,,,5000,13,1,3.455339,,,,,,,,,,,,,,,
,,,,,5000,13,1,3.464046,,,,,,,,,,,,,,,
,,,,,5000,13,2,1.796052,,,,,,,,,,,,,,,
,,,,,5000,13,2,3.461722,,,,,,,,,,,,,,,
,,,,,5000,13,3,1.337648,,,,,,,,,,,,,,,
,,,,,5000,13,3,3.456010,,,,,,,,,,,,,,,
,,,,,5000,13,4,1.027504,,,,,,,,,,,,,,,
,,,,,5000,13,4,3.459460,,,,,,,,,,,,,,,
,,,,,5000,13,5,0.896312,,,,,,,,,,,,,,,
,,,,,5000,13,5,3.453433,,,,,,,,,,,,,,,
,,,,,5000,13,6,0.904841,,,,,,,,,,,,,,,
,,,,,5000,13,6,3.459381,,,,,,,,,,,,,,,
,,,,,5000,13,7,0.909183,,,,,,,,,,,,,,,
,,,,,5000,13,7,3.454000,,,,,,,,,,,,,,,
,,,,,5000,13,8,0.869930,,,,,,,,,,,,,,,
,,,,,5000,13,8,3.459330,,,,,,,,,,,,,,,
,,,,,5000,13,9,0.940060,,,,,,,,,,,,,,,
,,,,,5000,13,9,3.459296,,,,,,,,,,,,,,,
,,,,,5000,14,1,3.252326,,,,,,,,,,,,,,,
,,,,,5000,14,1,3.254604,,,,,,,,,,,,,,,
,,,,,5000,14,2,1.713671,,,,,,,,,,,,,,,
,,,,,5000,14,2,3.248867,,,,,,,,,,,,,,,
,,,,,5000,14,3,1.271093,,,,,,,,,,,,,,,
,,,,,5000,14,3,3.254143,,,,,,,,,,,,,,,
,,,,,5000,14,4,1.027847,,,,,,,,,,,,,,,
,,,,,5000,14,4,3.249098,,,,,,,,,,,,,,,
,,,,,5000,14,5,0.888598,,,,,,,,,,,,,,,
,,,,,5000,14,5,3.247777,,,,,,,,,,,,,,,
,,,,,5000,14,6,0.921072,,,,,,,,,,,,,,,
,,,,,5000,14,6,3.243822,,,,,,,,,,,,,,,
,,,,,5000,14,7,0.920376,,,,,,,,,,,,,,,
,,,,,5000,14,7,3.244196,,,,,,,,,,,,,,,
,,,,,5000,14,8,0.892355,,,,,,,,,,,,,,,
,,,,,5000,14,8,3.247793,,,,,,,,,,,,,,,
,,,,,5000,14,9,0.954135,,,,,,,,,,,,,,,
,,,,,5000,14,9,3.240445,,,,,,,,,,,,,,,
,,,,,5000,15,1,3.064635,,,,,,,,,,,,,,,
,,,,,5000,15,1,3.069802,,,,,,,,,,,,,,,
,,,,,5000,15,2,1.637441,,,,,,,,,,,,,,,
,,,,,5000,15,2,3.056502,,,,,,,,,,,,,,,
,,,,,5000,15,3,1.244446,,,,,,,,,,,,,,,
,,,,,5000,15,3,3.062558,,,,,,,,,,,,,,,
,,,,,5000,15,4,0.971426,,,,,,,,,,,,,,,
,,,,,5000,15,4,3.069690,,,,,,,,,,,,,,,
,,,,,5000,15,5,0.896581,,,,,,,,,,,,,,,
,,,,,5000,15,5,3.071558,,,,,,,,,,,,,,,
,,,,,5000,15,6,0.937349,,,,,,,,,,,,,,,
,,,,,5000,15,6,3.071610,,,,,,,,,,,,,,,
,,,,,5000,15,7,0.930728,,,,,,,,,,,,,,,
,,,,,5000,15,7,3.073201,,,,,,,,,,,,,,,
,,,,,5000,15,8,0.907625,,,,,,,,,,,,,,,
,,,,,5000,15,8,3.062076,,,,,,,,,,,,,,,
,,,,,5000,16,1,2.918902,,,,,,,,,,,,,,,
,,,,,5000,16,1,2.912553,,,,,,,,,,,,,,,
,,,,,5000,16,2,1.534654,,,,,,,,,,,,,,,
,,,,,5000,16,2,2.900531,,,,,,,,,,,,,,,
,,,,,5000,16,3,1.148399,,,,,,,,,,,,,,,
,,,,,5000,16,3,2.905602,,,,,,,,,,,,,,,
,,,,,5000,16,4,0.977065,,,,,,,,,,,,,,,
,,,,,5000,16,4,2.921721,,,,,,,,,,,,,,,
,,,,,5000,16,5,0.902096,,,,,,,,,,,,,,,
,,,,,5000,16,5,2.916315,,,,,,,,,,,,,,,
,,,,,5000,16,6,0.938526,,,,,,,,,,,,,,,
,,,,,5000,16,6,2.894927,,,,,,,,,,,,,,,
,,,,,5000,16,7,0.946322,,,,,,,,,,,,,,,
,,,,,5000,16,7,2.907429,,,,,,,,,,,,,,,
,,,,,5000,16,8,0.914235,,,,,,,,,,,,,,,
,,,,,5000,16,8,2.912887,,,,,,,,,,,,,,,
,,,,,5000,17,1,2.769638,,,,,,,,,,,,,,,
,,,,,5000,17,1,2.775852,,,,,,,,,,,,,,,
,,,,,5000,17,2,1.494306,,,,,,,,,,,,,,,
,,,,,5000,17,2,2.776660,,,,,,,,,,,,,,,
,,,,,5000,17,3,1.112798,,,,,,,,,,,,,,,
,,,,,5000,17,3,2.776427,,,,,,,,,,,,,,,
,,,,,5000,17,4,0.956329,,,,,,,,,,,,,,,
,,,,,5000,17,4,2.779182,,,,,,,,,,,,,,,
,,,,,5000,17,5,0.918839,,,,,,,,,,,,,,,
,,,,,5000,17,5,2.777218,,,,,,,,,,,,,,,
,,,,,5000,17,6,0.954436,,,,,,,,,,,,,,,
,,,,,5000,17,6,2.773253,,,,,,,,,,,,,,,
,,,,,5000,17,7,0.953963,,,,,,,,,,,,,,,
,,,,,5000,17,7,2.773587,,,,,,,,,,,,,,,
,,,,,5000,18,1,2.677623,,,,,,,,,,,,,,,
,,,,,5000,18,1,2.641792,,,,,,,,,,,,,,,
,,,,,5000,18,2,1.454369,,,,,,,,,,,,,,,
,,,,,5000,18,2,2.651060,,,,,,,,,,,,,,,
,,,,,5000,18,3,1.103032,,,,,,,,,,,,,,,
,,,,,5000,18,3,2.645477,,,,,,,,,,,,,,,
,,,,,5000,18,4,0.947248,,,,,,,,,,,,,,,
,,,,,5000,18,4,2.653924,,,,,,,,,,,,,,,
,,,,,5000,18,5,0.928667,,,,,,,,,,,,,,,
,,,,,5000,18,5,2.644717,,,,,,,,,,,,,,,
,,,,,5000,18,6,0.967213,,,,,,,,,,,,,,,
,,,,,5000,18,6,2.641808,,,,,,,,,,,,,,,
,,,,,5000,18,7,0.964681,,,,,,,,,,,,,,,
,,,,,5000,18,7,2.644250,,,,,,,,,,,,,,,
,,,,,5000,19,1,2.830759,,,,,,,,,,,,,,,
,,,,,5000,19,1,2.846359,,,,,,,,,,,,,,,
,,,,,5000,19,2,1.520896,,,,,,,,,,,,,,,
,,,,,5000,19,2,2.841631,,,,,,,,,,,,,,,
,,,,,5000,19,3,1.105416,,,,,,,,,,,,,,,
,,,,,5000,19,3,2.837660,,,,,,,,,,,,,,,
,,,,,5000,19,4,0.953016,,,,,,,,,,,,,,,
,,,,,5000,19,4,2.829844,,,,,,,,,,,,,,,
,,,,,5000,19,5,0.938519,,,,,,,,,,,,,,,
,,,,,5000,19,5,2.831448,,,,,,,,,,,,,,,
,,,,,5000,19,6,0.972586,,,,,,,,,,,,,,,
,,,,,5000,19,6,2.831665,,,,,,,,,,,,,,,
,,,,,5000,20,1,2.363742,,,,,,,,,,,,,,,
,,,,,5000,20,1,2.340457,,,,,,,,,,,,,,,
,,,,,5000,20,2,1.290081,,,,,,,,,,,,,,,
,,,,,5000,20,2,2.346931,,,,,,,,,,,,,,,
,,,,,5000,20,3,1.049760,,,,,,,,,,,,,,,
,,,,,5000,20,3,2.361174,,,,,,,,,,,,,,,
,,,,,5000,20,4,0.950927,,,,,,,,,,,,,,,
,,,,,5000,20,4,2.343741,,,,,,,,,,,,,,,
,,,,,5000,20,5,0.938183,,,,,,,,,,,,,,,
,,,,,5000,20,5,2.352924,,,,,,,,,,,,,,,
,,,,,5000,20,6,0.975644,,,,,,,,,,,,,,,
,,,,,5000,20,6,2.356964,,,,,,,,,,,,,,,
,,,,,5000,21,1,2.269003,,,,,,,,,,,,,,,
,,,,,5000,21,1,2.265336,,,,,,,,,,,,,,,
,,,,,5000,21,2,1.229217,,,,,,,,,,,,,,,
,,,,,5000,21,2,2.251393,,,,,,,,,,,,,,,
,,,,,5000,21,3,1.048292,,,,,,,,,,,,,,,
,,,,,5000,21,3,2.254974,,,,,,,,,,,,,,,
,,,,,5000,21,4,0.962563,,,,,,,,,,,,,,,
,,,,,5000,21,4,2.254983,,,,,,,,,,,,,,,
,,,,,5000,21,5,0.962785,,,,,,,,,,,,,,,
,,,,,5000,21,5,2.270194,,,,,,,,,,,,,,,
,,,,,5000,21,6,0.992301,,,,,,,,,,,,,,,
,,,,,5000,21,6,2.254108,,,,,,,,,,,,,,,
,,,,,5000,22,1,2.174662,,,,,,,,,,,,,,,
,,,,,5000,22,1,2.179037,,,,,,,,,,,,,,,
,,,,,5000,22,2,1.198143,,,,,,,,,,,,,,,
,,,,,5000,22,2,2.182834,,,,,,,,,,,,,,,
,,,,,5000,22,3,1.039213,,,,,,,,,,,,,,,
,,,,,5000,22,3,2.179847,,,,,,,,,,,,,,,
,,,,,5000,22,4,0.983700,,,,,,,,,,,,,,,
,,,,,5000,22,4,2.177869,,,,,,,,,,,,,,,
,,,,,5000,22,5,0.970777,,,,,,,,,,,,,,,
,,,,,5000,22,5,2.177754,,,,,,,,,,,,,,,
,,,,,5000,23,1,2.114294,,,,,,,,,,,,,,,
,,,,,5000,23,1,2.124248,,,,,,,,,,,,,,,
,,,,,5000,23,2,1.177872,,,,,,,,,,,,,,,
,,,,,5000,23,2,2.109607,,,,,,,,,,,,,,,
,,,,,5000,23,3,1.045800,,,,,,,,,,,,,,,
,,,,,5000,23,3,2.115574,,,,,,,,,,,,,,,
,,,,,5000,23,4,0.995772,,,,,,,,,,,,,,,
,,,,,5000,23,4,2.103225,,,,,,,,,,,,,,,
,,,,,5000,23,5,0.969112,,,,,,,,,,,,,,,
,,,,,5000,23,5,2.105420,,,,,,,,,,,,,,,
,,,,,5000,24,1,2.032522,,,,,,,,,,,,,,,
,,,,,5000,24,1,2.024535,,,,,,,,,,,,,,,
,,,,,5000,24,2,1.131902,,,,,,,,,,,,,,,
,,,,,5000,24,2,2.029719,,,,,,,,,,,,,,,
,,,,,5000,24,3,1.045124,,,,,,,,,,,,,,,
,,,,,5000,24,3,2.079044,,,,,,,,,,,,,,,
,,,,,5000,24,4,1.002583,,,,,,,,,,,,,,,
,,,,,5000,24,4,2.023994,,,,,,,,,,,,,,,
,,,,,5000,24,5,1.007813,,,,,,,,,,,,,,,
,,,,,5000,24,5,2.029501,,,,,,,,,,,,,,,
,,,,,5000,25,1,1.950693,,,,,,,,,,,,,,,
,,,,,5000,25,1,1.963110,,,,,,,,,,,,,,,
,,,,,5000,25,2,1.109089,,,,,,,,,,,,,,,
,,,,,5000,25,2,1.955452,,,,,,,,,,,,,,,
,,,,,5000,25,3,1.035943,,,,,,,,,,,,,,,
,,,,,5000,25,3,1.954785,,,,,,,,,,,,,,,
,,,,,5000,25,4,1.021533,,,,,,,,,,,,,,,
,,,,,5000,25,4,1.961697,,,,,,,,,,,,,,,
,,,,,5000,25,5,1.018820,,,,,,,,,,,,,,,
,,,,,5000,25,5,1.962332,,,,,,,,,,,,,,,
,,,,,5000,26,1,1.922532,,,,,,,,,,,,,,,
,,,,,5000,26,1,1.910420,,,,,,,,,,,,,,,
,,,,,5000,26,2,1.086449,,,,,,,,,,,,,,,
,,,,,5000,26,2,1.909484,,,,,,,,,,,,,,,
,,,,,5000,26,3,1.065218,,,,,,,,,,,,,,,
,,,,,5000,26,3,1.908974,,,,,,,,,,,,,,,
,,,,,5000,26,4,1.036834,,,,,,,,,,,,,,,
,,,,,5000,26,4,1.905916,,,,,,,,,,,,,,,
,,,,,5000,27,1,1.865362,,,,,,,,,,,,,,,
,,,,,5000,27,1,1.900955,,,,,,,,,,,,,,,
,,,,,5000,27,2,1.069658,,,,,,,,,,,,,,,
,,,,,5000,27,2,1.892205,,,,,,,,,,,,,,,
,,,,,5000,27,3,1.048178,,,,,,,,,,,,,,,
,,,,,5000,27,3,1.919654,,,,,,,,,,,,,,,
,,,,,5000,27,4,1.041842,,,,,,,,,,,,,,,
,,,,,5000,27,4,1.888313,,,,,,,,,,,,,,,
,,,,,5000,28,1,1.847475,,,,,,,,,,,,,,,
,,,,,5000,28,1,1.874182,,,,,,,,,,,,,,,
,,,,,5000,28,2,1.004396,,,,,,,,,,,,,,,
,,,,,5000,28,2,1.860989,,,,,,,,,,,,,,,
,,,,,5000,28,3,1.051223,,,,,,,,,,,,,,,
,,,,,5000,28,3,1.852735,,,,,,,,,,,,,,,
,,,,,5000,28,4,1.051393,,,,,,,,,,,,,,,
,,,,,5000,28,4,1.837357,,,,,,,,,,,,,,,
,,,,,5000,29,1,1.771253,,,,,,,,,,,,,,,
,,,,,5000,29,1,1.767730,,,,,,,,,,,,,,,
,,,,,5000,29,2,1.005182,,,,,,,,,,,,,,,
,,,,,5000,29,2,1.772668,,,,,,,,,,,,,,,
,,,,,5000,29,3,1.057936,,,,,,,,,,,,,,,
,,,,,5000,29,3,1.798681,,,,,,,,,,,,,,,
,,,,,5000,29,4,1.057636,,,,,,,,,,,,,,,
,,,,,5000,29,4,1.822603,,,,,,,,,,,,,,,
,,,,,5000,30,1,1.743477,,,,,,,,,,,,,,,
,,,,,5000,30,1,1.732230,,,,,,,,,,,,,,,
,,,,,5000,30,2,1.039652,,,,,,,,,,,,,,,
,,,,,5000,30,2,1.737053,,,,,,,,,,,,,,,
,,,,,5000,30,3,1.070797,,,,,,,,,,,,,,,
,,,,,5000,30,3,1.776330,,,,,,,,,,,,,,,
,,,,,5000,30,4,1.063132,,,,,,,,,,,,,,,
,,,,,5000,30,4,1.770764,,,,,,,,,,,,,,,
,,,,,5000,31,1,1.692547,,,,,,,,,,,,,,,
,,,,,5000,31,1,1.707493,,,,,,,,,,,,,,,
,,,,,5000,31,2,1.032734,,,,,,,,,,,,,,,
,,,,,5000,31,2,1.702658,,,,,,,,,,,,,,,
,,,,,5000,31,3,1.088702,,,,,,,,,,,,,,,
,,,,,5000,31,3,1.709546,,,,,,,,,,,,,,,
,,,,,5000,31,4,1.079299,,,,,,,,,,,,,,,
,,,,,5000,31,4,1.720210,,,,,,,,,,,,,,,
,,,,,5000,32,1,1.680855,,,,,,,,,,,,,,,
,,,,,5000,32,1,1.673254,,,,,,,,,,,,,,,
,,,,,5000,32,2,1.029380,,,,,,,,,,,,,,,
,,,,,5000,32,2,1.670023,,,,,,,,,,,,,,,
,,,,,5000,32,3,1.097423,,,,,,,,,,,,,,,
,,,,,5000,32,3,1.696772,,,,,,,,,,,,,,,
,,,,,5000,32,4,1.097466,,,,,,,,,,,,,,,
,,,,,5000,32,4,1.675103,,,,,,,,,,,,,,,
,,,,,5000,33,1,1.625516,,,,,,,,,,,,,,,
,,,,,5000,33,1,1.608981,,,,,,,,,,,,,,,
,,,,,5000,33,2,1.002853,,,,,,,,,,,,,,,
,,,,,5000,33,2,1.637694,,,,,,,,,,,,,,,
,,,,,5000,33,3,1.104463,,,,,,,,,,,,,,,
,,,,,5000,33,3,1.626908,,,,,,,,,,,,,,,
,,,,,5000,34,1,1.636577,,,,,,,,,,,,,,,
,,,,,5000,34,1,1.614241,,,,,,,,,,,,,,,
,,,,,5000,34,2,1.036437,,,,,,,,,,,,,,,
,,,,,5000,34,2,1.628742,,,,,,,,,,,,,,,
,,,,,5000,34,3,1.118968,,,,,,,,,,,,,,,
,,,,,5000,34,3,1.608391,,,,,,,,,,,,,,,
,,,,,5000,35,1,1.590684,,,,,,,,,,,,,,,
,,,,,5000,35,1,1.600654,,,,,,,,,,,,,,,
,,,,,5000,35,2,1.031361,,,,,,,,,,,,,,,
,,,,,5000,35,2,1.576970,,,,,,,,,,,,,,,
,,,,,5000,35,3,1.123137,,,,,,,,,,,,,,,
,,,,,5000,35,3,1.577979,,,,,,,,,,,,,,,
,,,,,5000,36,1,1.563310,,,,,,,,,,,,,,,
,,,,,5000,36,1,1.589805,,,,,,,,,,,,,,,
,,,,,5000,36,2,1.070940,,,,,,,,,,,,,,,
,,,,,5000,36,2,1.588604,,,,,,,,,,,,,,,
,,,,,5000,36,3,1.139953,,,,,,,,,,,,,,,
,,,,,5000,36,3,1.554811,,,,,,,,,,,,,,,
,,,,,5000,37,1,1.559942,,,,,,,,,,,,,,,
,,,,,5000,37,1,1.553049,,,,,,,,,,,,,,,
,,,,,5000,37,2,1.060095,,,,,,,,,,,,,,,
,,,,,5000,37,2,1.666428,,,,,,,,,,,,,,,
,,,,,5000,37,3,1.120840,,,,,,,,,,,,,,,
,,,,,5000,37,3,1.538100,,,,,,,,,,,,,,,
,,,,,5000,38,1,1.574957,,,,,,,,,,,,,,,
,,,,,5000,38,1,1.611427,,,,,,,,,,,,,,,
,,,,,5000,38,2,1.056096,,,,,,,,,,,,,,,
,,,,,5000,38,2,1.611462,,,,,,,,,,,,,,,
,,,,,5000,38,3,1.145156,,,,,,,,,,,,,,,
,,,,,5000,38,3,1.608147,,,,,,,,,,,,,,,
,,,,,5000,39,1,1.554298,,,,,,,,,,,,,,,
,,,,,5000,39,1,1.571213,,,,,,,,,,,,,,,
,,,,,5000,39,2,0.970845,,,,,,,,,,,,,,,
,,,,,5000,39,2,1.488422,,,,,,,,,,,,,,,
,,,,,5000,39,3,1.198477,,,,,,,,,,,,,,,
,,,,,5000,39,3,1.553076,,,,,,,,,,,,,,,
,,,,,5000,40,1,1.714632,,,,,,,,,,,,,,,
,,,,,5000,40,1,1.692323,,,,,,,,,,,,,,,
,,,,,5000,40,2,1.040772,,,,,,,,,,,,,,,
,,,,,5000,40,2,1.659262,,,,,,,,,,,,,,,
,,,,,5000,40,3,1.189868,,,,,,,,,,,,,,,
,,,,,5000,40,3,1.662712,,,,,,,,,,,,,,,
,,,,,5000,41,1,1.689663,,,,,,,,,,,,,,,
,,,,,5000,41,1,1.692901,,,,,,,,,,,,,,,
,,,,,5000,41,2,1.028853,,,,,,,,,,,,,,,
,,,,,5000,41,2,6.520725,,,,,,,,,,,,,,,
,,,,,5000,41,3,1.177127,,,,,,,,,,,,,,,
,,,,,5000,41,3,1.576514,,,,,,,,,,,,,,,
,,,,,5000,42,1,1.574369,,,,,,,,,,,,,,,
,,,,,5000,42,1,1.573647,,,,,,,,,,,,,,,
,,,,,5000,42,2,1.079018,,,,,,,,,,,,,,,
,,,,,5000,42,2,1.622158,,,,,,,,,,,,,,,
,,,,,5000,42,3,1.176752,,,,,,,,,,,,,,,
,,,,,5000,42,3,1.671142,,,,,,,,,,,,,,,
,,,,,5000,43,1,1.552385,,,,,,,,,,,,,,,
,,,,,5000,43,1,1.487882,,,,,,,,,,,,,,,
,,,,,5000,43,2,1.047358,,,,,,,,,,,,,,,
,,,,,5000,43,2,1.513774,,,,,,,,,,,,,,,
,,,,,5000,44,1,1.667711,,,,,,,,,,,,,,,
,,,,,5000,44,1,1.624781,,,,,,,,,,,,,,,
,,,,,5000,44,2,1.145846,,,,,,,,,,,,,,,
,,,,,5000,44,2,1.584951,,,,,,,,,,,,,,,
,,,,,5000,45,1,1.600206,,,,,,,,,,,,,,,
,,,,,5000,45,1,1.486440,,,,,,,,,,,,,,,
,,,,,5000,45,2,1.109853,,,,,,,,,,,,,,,
,,,,,5000,45,2,1.511526,,,,,,,,,,,,,,,
,,,,,5000,46,1,1.596250,,,,,,,,,,,,,,,
,,,,,5000,46,1,1.565196,,,,,,,,,,,,,,,
,,,,,5000,46,2,1.226888,,,,,,,,,,,,,,,
,,,,,5000,46,2,1.597391,,,,,,,,,,,,,,,
,,,,,5000,47,1,1.426289,,,,,,,,,,,,,,,
,,,,,5000,47,1,1.434739,,,,,,,,,,,,,,,
,,,,,5000,47,2,1.158838,,,,,,,,,,,,,,,
,,,,,5000,47,2,1.599654,,,,,,,,,,,,,,,
,,,,,5000,48,1,1.550451,,,,,,,,,,,,,,,
,,,,,5000,48,1,1.445076,,,,,,,,,,,,,,,
,,,,,5000,48,2,1.125591,,,,,,,,,,,,,,,
,,,,,5000,48,2,1.400582,,,,,,,,,,,,,,,
,,,,,5000,49,1,1.608136,,,,,,,,,,,,,,,
,,,,,5000,49,1,1.422922,,,,,,,,,,,,,,,
,,,,,5000,49,2,1.296735,,,,,,,,,,,,,,,
,,,,,5000,49,2,1.596353,,,,,,,,,,,,,,,
,,,,,5000,50,1,1.501789,,,,,,,,,,,,,,,
,,,,,5000,50,1,1.485535,,,,,,,,,,,,,,,
,,,,,5000,50,2,1.101731,,,,,,,,,,,,,,,
,,,,,5000,50,2,1.507295,,,,,,,,,,,,,,,
,,,,,5000,51,1,1.515155,,,,,,,,,,,,,,,
,,,,,5000,51,1,1.545464,,,,,,,,,,,,,,,
,,,,,5000,51,2,1.218709,,,,,,,,,,,,,,,
,,,,,5000,51,2,1.391456,,,,,,,,,,,,,,,
,,,,,5000,52,1,1.424534,,,,,,,,,,,,,,,
,,,,,5000,52,1,1.340967,,,,,,,,,,,,,,,
,,,,,5000,52,2,1.158008,,,,,,,,,,,,,,,
,,,,,5000,52,2,1.578233,,,,,,,,,,,,,,,
,,,,,5000,53,1,1.672566,,,,,,,,,,,,,,,
,,,,,5000,53,1,1.486348,,,,,,,,,,,,,,,
,,,,,5000,53,2,1.257882,,,,,,,,,,,,,,,
,,,,,5000,53,2,1.455273,,,,,,,,,,,,,,,
,,,,,5000,54,1,1.553939,,,,,,,,,,,,,,,
,,,,,5000,54,1,1.522112,,,,,,,,,,,,,,,
,,,,,5000,54,2,1.206178,,,,,,,,,,,,,,,
,,,,,5000,54,2,1.480769,,,,,,,,,,,,,,,
,,,,,5000,55,1,1.699717,,,,,,,,,,,,,,,
,,,,,5000,55,1,1.646903,,,,,,,,,,,,,,,
,,,,,5000,55,2,1.254955,,,,,,,,,,,,,,,
,,,,,5000,55,2,1.586657,,,,,,,,,,,,,,,
,,,,,5000,56,1,1.505600,,,,,,,,,,,,,,,
,,,,,5000,56,1,1.567035,,,,,,,,,,,,,,,
,,,,,5000,56,2,1.256094,,,,,,,,,,,,,,,
,,,,,5000,56,2,1.748991,,,,,,,,,,,,,,,
,,,,,5000,57,1,1.674470,,,,,,,,,,,,,,,
,,,,,5000,57,1,1.560838,,,,,,,,,,,,,,,
,,,,,5000,57,2,1.202118,,,,,,,,,,,,,,,
,,,,,5000,57,2,1.643940,,,,,,,,,,,,,,,
,,,,,5000,58,1,1.541148,,,,,,,,,,,,,,,
,,,,,5000,58,1,1.546149,,,,,,,,,,,,,,,
,,,,,5000,58,2,1.327902,,,,,,,,,,,,,,,
,,,,,5000,58,2,1.635211,,,,,,,,,,,,,,,
,,,,,5000,59,1,1.720559,,,,,,,,,,,,,,,
,,,,,5000,59,1,1.673106,,,,,,,,,,,,,,,
,,,,,5000,59,2,1.389074,,,,,,,,,,,,,,,
,,,,,5000,59,2,1.777288,,,,,,,,,,,,,,,
,,,,,5000,60,1,1.764740,,,,,,,,,,,,,,,
,,,,,5000,60,1,1.675725,,,,,,,,,,,,,,,
,,,,,5000,60,2,1.323107,,,,,,,,,,,,,,,
,,,,,5000,60,2,1.704963,,,,,,,,,,,,,,,
,,,,,5000,61,1,1.648232,,,,,,,,,,,,,,,
,,,,,5000,61,1,1.645219,,,,,,,,,,,,,,,
,,,,,5000,61,2,1.311898,,,,,,,,,,,,,,,
,,,,,5000,61,2,1.612654,,,,,,,,,,,,,,,
,,,,,5000,62,1,1.740950,,,,,,,,,,,,,,,
,,,,,5000,62,1,1.766023,,,,,,,,,,,,,,,
,,,,,5000,62,2,1.466572,,,,,,,,,,,,,,,
,,,,,5000,62,2,1.731928,,,,,,,,,,,,,,,
,,,,,5000,63,1,1.881076,,,,,,,,,,,,,,,
,,,,,5000,63,1,1.680399,,,,,,,,,,,,,,,
,,,,,5000,63,2,1.422930,,,,,,,,,,,,,,,
,,,,,5000,63,2,1.870974,,,,,,,,,,,,,,,
,,,,,5000,64,1,1.929450,,,,,,,,,,,,,,,
,,,,,5000,64,1,1.954707,,,,,,,,,,,,,,,
,,,,,5000,64,2,1.517738,,,,,,,,,,,,,,,
,,,,,5000,64,2,1.824697,,,,,,,,,,,,,,,
,,,,,5000,65,1,1.969223,,,,,,,,,,,,,,,
,,,,,5000,65,1,1.990381,,,,,,,,,,,,,,,
,,,,,5000,66,1,1.938548,,,,,,,,,,,,,,,
,,,,,5000,66,1,1.845116,,,,,,,,,,,,,,,
,,,,,5000,67,1,2.014848,,,,,,,,,,,,,,,
,,,,,5000,67,1,1.905295,,,,,,,,,,,,,,,
,,,,,5000,68,1,2.026383,,,,,,,,,,,,,,,
,,,,,5000,68,1,2.006661,,,,,,,,,,,,,,,
,,,,,5000,69,1,1.881697,,,,,,,,,,,,,,,
,,,,,5000,69,1,1.916553,,,,,,,,,,,,,,,
,,,,,5000,70,1,1.934453,,,,,,,,,,,,,,,
,,,,,5000,70,1,1.906445,,,,,,,,,,,,,,,
,,,,,5000,71,1,1.971066,,,,,,,,,,,,,,,
,,,,,5000,71,1,1.911614,,,,,,,,,,,,,,,
,,,,,5000,72,1,1.945743,,,,,,,,,,,,,,,
,,,,,5000,72,1,2.094052,,,,,,,,,,,,,,,
,,,,,5000,73,1,2.035069,,,,,,,,,,,,,,,
,,,,,5000,73,1,2.009724,,,,,,,,,,,,,,,
,,,,,5000,74,1,1.951303,,,,,,,,,,,,,,,
,,,,,5000,74,1,1.936707,,,,,,,,,,,,,,,
,,,,,5000,75,1,2.159577,,,,,,,,,,,,,,,
,,,,,5000,75,1,2.079244,,,,,,,,,,,,,,,
,,,,,5000,76,1,2.054796,,,,,,,,,,,,,,,
,,,,,5000,76,1,2.207430,,,,,,,,,,,,,,,
,,,,,5000,77,1,2.174603,,,,,,,,,,,,,,,
,,,,,5000,77,1,2.000520,,,,,,,,,,,,,,,
,,,,,5000,78,1,2.095021,,,,,,,,,,,,,,,
,,,,,5000,78,1,2.082682,,,,,,,,,,,,,,,
,,,,,5000,79,1,2.237470,,,,,,,,,,,,,,,
,,,,,5000,79,1,2.058428,,,,,,,,,,,,,,,
,,,,,5000,80,1,2.065383,,,,,,,,,,,,,,,
,,,,,5000,80,1,2.202998,,,,,,,,,,,,,,,
,,,,,5000,81,1,2.098100,,,,,,,,,,,,,,,
,,,,,5000,81,1,2.235587,,,,,,,,,,,,,,,
,,,,,5000,82,1,2.129326,,,,,,,,,,,,,,,
,,,,,5000,82,1,2.178809,,,,,,,,,,,,,,,
,,,,,5000,83,1,2.278373,,,,,,,,,,,,,,,
,,,,,5000,83,1,2.096751,,,,,,,,,,,,,,,
,,,,,5000,84,1,2.161922,,,,,,,,,,,,,,,
,,,,,5000,84,1,2.306289,,,,,,,,,,,,,,,
,,,,,5000,85,1,2.162230,,,,,,,,,,,,,,,
,,,,,5000,85,1,2.203441,,,,,,,,,,,,,,,
,,,,,5000,86,1,2.289668,,,,,,,,,,,,,,,
,,,,,5000,86,1,2.213861,,,,,,,,,,,,,,,
,,,,,5000,87,1,2.266578,,,,,,,,,,,,,,,
,,,,,5000,87,1,2.390219,,,,,,,,,,,,,,,
,,,,,5000,88,1,2.200505,,,,,,,,,,,,,,,
,,,,,5000,88,1,2.312319,,,,,,,,,,,,,,,
,,,,,5000,89,1,2.267741,,,,,,,,,,,,,,,
,,,,,5000,89,1,2.212644,,,,,,,,,,,,,,,
,,,,,5000,90,1,2.298135,,,,,,,,,,,,,,,
,,,,,5000,90,1,2.280942,,,,,,,,,,,,,,,
,,,,,5000,91,1,2.414860,,,,,,,,,,,,,,,
,,,,,5000,91,1,2.546047,,,,,,,,,,,,,,,
,,,,,5000,92,1,2.425777,,,,,,,,,,,,,,,
,,,,,5000,92,1,2.407405,,,,,,,,,,,,,,,
,,,,,5000,93,1,2.287376,,,,,,,,,,,,,,,
,,,,,5000,93,1,2.353763,,,,,,,,,,,,,,,
,,,,,5000,94,1,2.604930,,,,,,,,,,,,,,,
,,,,,5000,94,1,2.520652,,,,,,,,,,,,,,,
,,,,,5000,95,1,2.374603,,,,,,,,,,,,,,,
,,,,,5000,95,1,2.559574,,,,,,,,,,,,,,,
,,,,,5000,96,1,2.413466,,,,,,,,,,,,,,,
,,,,,5000,96,1,2.545503,,,,,,,,,,,,,,,
,,,,,5000,97,1,2.508737,,,,,,,,,,,,,,,
,,,,,5000,97,1,2.418631,,,,,,,,,,,,,,,
,,,,,5000,98,1,2.604575,,,,,,,,,,,,,,,
,,,,,5000,98,1,2.446063,,,,,,,,,,,,,,,
,,,,,5000,99,1,2.511226,,,,,,,,,,,,,,,
,,,,,5000,99,1,2.634961,,,,,,,,,,,,,,,
,,,,,5000,100,1,2.665763,,,,,,,,,,,,,,,
,,,,,5000,100,1,2.429203,,,,,,,,,,,,,,,
,,,,,5000,101,1,2.625538,,,,,,,,,,,,,,,
,,,,,5000,101,1,2.597830,,,,,,,,,,,,,,,
,,,,,5000,102,1,2.568989,,,,,,,,,,,,,,,
,,,,,5000,102,1,2.730337,,,,,,,,,,,,,,,
,,,,,5000,103,1,2.589334,,,,,,,,,,,,,,,
,,,,,5000,103,1,2.590275,,,,,,,,,,,,,,,
,,,,,5000,104,1,2.669236,,,,,,,,,,,,,,,
,,,,,5000,104,1,2.649076,,,,,,,,,,,,,,,
,,,,,5000,105,1,2.560957,,,,,,,,,,,,,,,
,,,,,5000,105,1,2.633588,,,,,,,,,,,,,,,
,,,,,5000,106,1,2.591604,,,,,,,,,,,,,,,
,,,,,5000,106,1,2.656002,,,,,,,,,,,,,,,
,,,,,5000,107,1,2.700489,,,,,,,,,,,,,,,
,,,,,5000,107,1,2.616935,,,,,,,,,,,,,,,
,,,,,5000,108,1,2.675945,,,,,,,,,,,,,,,
,,,,,5000,108,1,2.664286,,,,,,,,,,,,,,,
,,,,,5000,109,1,2.790468,,,,,,,,,,,,,,,
,,,,,5000,109,1,2.705940,,,,,,,,,,,,,,,
,,,,,5000,110,1,2.733187,,,,,,,,,,,,,,,
,,,,,5000,110,1,2.733562,,,,,,,,,,,,,,,
,,,,,5000,111,1,2.783544,,,,,,,,,,,,,,,
,,,,,5000,111,1,2.729452,,,,,,,,,,,,,,,
,,,,,5000,112,1,2.842015,,,,,,,,,,,,,,,
,,,,,5000,112,1,2.851204,,,,,,,,,,,,,,,
,,,,,5000,113,1,2.788149,,,,,,,,,,,,,,,
,,,,,5000,113,1,2.796469,,,,,,,,,,,,,,,
,,,,,5000,114,1,2.840453,,,,,,,,,,,,,,,
,,,,,5000,114,1,2.923978,,,,,,,,,,,,,,,
,,,,,5000,115,1,2.801202,,,,,,,,,,,,,,,
,,,,,5000,115,1,2.738947,,,,,,,,,,,,,,,
,,,,,5000,116,1,2.965066,,,,,,,,,,,,,,,
,,,,,5000,116,1,2.875601,,,,,,,,,,,,,,,
,,,,,5000,117,1,2.768511,,,,,,,,,,,,,,,
,,,,,5000,117,1,2.849766,,,,,,,,,,,,,,,
,,,,,5000,118,1,2.670496,,,,,,,,,,,,,,,
,,,,,5000,118,1,2.926626,,,,,,,,,,,,,,,
,,,,,5000,119,1,2.953652,,,,,,,,,,,,,,,
,,,,,5000,119,1,2.943744,,,,,,,,,,,,,,,
,,,,,5000,120,1,2.991668,,,,,,,,,,,,,,,
,,,,,5000,120,1,2.969471,,,,,,,,,,,,,,,
,,,,,5000,121,1,2.878045,,,,,,,,,,,,,,,
,,,,,5000,121,1,2.970431,,,,,,,,,,,,,,,
,,,,,5000,122,1,3.042532,,,,,,,,,,,,,,,
,,,,,5000,122,1,2.959346,,,,,,,,,,,,,,,
,,,,,5000,123,1,2.991076,,,,,,,,,,,,,,,
,,,,,5000,123,1,3.168746,,,,,,,,,,,,,,,
,,,,,5000,124,1,2.931286,,,,,,,,,,,,,,,
,,,,,5000,124,1,3.134757,,,,,,,,,,,,,,,
,,,,,5000,125,1,3.077010,,,,,,,,,,,,,,,
,,,,,5000,125,1,3.110176,,,,,,,,,,,,,,,
,,,,,5000,126,1,3.118775,,,,,,,,,,,,,,,
,,,,,5000,126,1,3.077880,,,,,,,,,,,,,,,
,,,,,5000,127,1,3.122431,,,,,,,,,,,,,,,
,,,,,5000,127,1,3.090989,,,,,,,,,,,,,,,
,,,,,5000,128,1,3.104035,,,,,,,,,,,,,,,
,,,,,5000,128,1,3.135516,,,,,,,,,,,,,,,
